{
  "parent": "item/generated",
  "textures": {
    "layer0": "darkages:item/hunting_bow"
  },
  "display": {
    "thirdperson_righthand": {
        "rotation": [ -80, 260, -40 ],
        "translation": [ -1, -2, 2.5 ],
        "scale": [ 1.4, 1.4, 1.2 ]
    },
    "thirdperson_lefthand": {
        "rotation": [ -80, -280, 40 ],
        "translation": [ -1, -2, 2.5 ],
        "scale": [ 1.7, 1.7, 1.5 ]
    },
    "firstperson_righthand": {
        "rotation": [ 0, -90, 25 ],
        "translation": [ 1.13, 3.2, 1.13],
        "scale": [ 1.5, 1.5, 1.5 ]
    },
    "firstperson_lefthand": {
        "rotation": [ 0, 90, -25 ],
        "translation": [ 1.13, 3.2, 1.13],
        "scale": [ 1.5, 1.5, 1.5 ]
    },
    "head": {
      "rotation": [0, 0, -10],
      "translation": [2, 12, 7.5],
      "scale": [1.5, 1.5, 1.0]
    }
  },
  "overrides": [
    {
      "predicate": {
        "pulling": 1
      },
      "model": "darkages:item/hunting_bow_pulling_0"
    },
    {
      "predicate": {
        "pulling": 1,
        "pull": 0.65
      },
      "model": "darkages:item/hunting_bow_pulling_1"
    },
    {
      "predicate": {
        "pulling": 1,
        "pull": 0.9
      },
      "model": "darkages:item/hunting_bow_pulling_2"
    }
  ]
}