{
	"parent": "item/generated",
	"display":
  	{
    	"thirdperson_righthand":
    	{
    		"scale": [1.8, 1.8, 1.0],
    		"translation": [-1.0, 7.5, -1.0],
    		"rotation": [40, 90, 0]
    	},
    	"firstperson_righthand":
    	{
      		"translation": [2,7.5,0],
      		"rotation": [30,90,0],
      		"scale": [1.2, 1.2, 0.7]
    	},
    	"thirdperson_lefthand":
    	{
    		"scale": [1.8, 1.8, 1.0],
    		"translation": [-1.0, 12, -1.0],
    		"rotation": [40, -90, 0]
    	},
    	"firstperson_lefthand":
    	{
      		"translation": [2,7.5,0],
      		"rotation": [30,90,0],
      		"scale": [1.2, 1.2, 0.7]
    	},
		"head": {
			"rotation": [15, 0, 90],
			"translation": [3, 13, 8],
			"scale": [1.5, 1.5, 1.5]
		}
  	}
}