{
    "parent": "item/generated",
    "display":
  	{
    	"thirdperson_righthand":
    	{
    		"scale": [2.5, 2.5, 1.0],
    		"translation": [0.0, 10, 0],
    		"rotation": [0, -90, 45]
    	},
    	"thirdperson_lefthand":
    	{
    		"scale": [1.5, 1.5, 1.0],
    		"translation": [0.0, 2, 0.3],
    		"rotation": [0, 90, -35]
    	},
    	"firstperson_lefthand":
    	{
      		"translation": [2, 2.5, 0],
      		"rotation": [45,-90,0],
      		"scale": [1.0, 1.0, 0.7]
    	},
    	"firstperson_righthand":
    	{
      		"translation": [2, 2.5, 0],
      		"rotation": [50,90,0],
      		"scale": [1.0, 1.0, 0.7]
    	},
		"head": {
			"rotation": [0, 0, -10],
			"translation": [3, 16, 7],
			"scale": [2.1, 2.1, 1.0]
		}
  	}
}